{
    "rmse": 0.7094429080036314,
    "mae": 0.558993512069371,
    "r2": 0.2768285646515334
}