{
    "rmse": 0.7446673873754142,
    "mae": 0.5778369884996815,
    "r2": 0.2257269519309194
}